id,affiliation
1,Tufts University
2,Boston University
3,"CMLA, ENS Paris Saclay"
4,CMLA
5,"CNRS, CRIStAL, SEQUEL"
6,Tom
7,Robert
8,"TU-Darmstadt, Germany"
9,"Swiss Data Science Center, ETH Zurich and EPFL, Switzerland"
10,"EPFL, Switzerland"
11,"University of Lincoln, Lincoln, UK"
12,"Guangzhou University, Guangzhou, China"
13,PARIETAL
14,IMAG
15,The MITRE Corporation
16,UNLP
17,"UFRGS, Polytech'Lab, IRIT"
18,UPS
19,EA4215
20,CIMS
21,"DMA, CIMS"
22,"CMAP, TROPICAL, EDF R&D OSIRIS"
23,EDF R&D OSIRIS
24,POLARIS
25,EPI
26,Mecsci
27,LINE
28,"ZENITH, Mecsci"
29,"Flowers, Mecsci"
30,"LINE, Mnemosyne, Mecsci"
31,ILL
32,"LINE, Mnemosyne"
33,"CRIStAL, CNRS, SPIRALS"
34,"DI-ENS, ENS Paris, CNRS, PSL, VALDA"
35,IETR
36,"IETR, SEQUEL"
37,Thoth
38,IIT Bombay
39,IIT Madras
40,"College of Science & Engineering, James Cook University"
41,"Stockholm University, Sweden"
42,"KTH Royal Institute of Technology, Sweden"
43,"Uppsala University, Sweden"
44,"SRI International, Princeton, NJ, USA"
45,The University of Iowa
46,Brave Software
47,University of California Riverside
48,Technion
49,MIT
50,Sherman
51,SIERRA
52,IMT Atlantique - ELEC
53,DIRO
54,"IRIT, CNRS"
55,"TSE, UT1"
56,"IRIT, UPS"
57,LOCIE
58,LAMA
59,"LAMA, PUCPR"
60,PUCPR
61,"LGI, IRT SystemX"
62,IRT SystemX
63,LGI
64,Ohio State University
65,"Sobolev Institute of Mathematics, Novosibirsk, Russia"
66,"PSL, SIERRA"
67,TITANE
68,UPD7
69,UCL-CS
70,SPADES
71,LIRIS
72,LIG
73,Mnemosyne
74,CERMOM EA 4091
75,MSH Lorraine
76,Intel Corporation
77,Baidu
78,Eli
79,"Instituto de Telecomunicações, Lisbon, Portugal"
80,"SiteGround Hosting EOOD, Bulgaria"
81,"University of Copenhagen, Denmark"
82,"MIT Computer Science and Artificial Intelligence Laboratory, Cambridge, MA"
83,"Qatar Computing Research Institute, HBKU"
84,"MIT Computer Science and Artificial Intelligence Laboratory, Cambridge, MA, USA"
85,"American University of Beirut, Electrical and Computer Engineering Department, Beirut, Lebanon"
86,"American University of Beirut, Computer Science Department, Beirut, Lebanon"
87,"Qatar University, Computer Science and Engineering Department, Doha, Qatar"
88,ICMPE
89,Sorbonne Université
90,Aalborg University Copenhagen
91,Google
92,Tampere University
93,Université de Toulon
94,University of Oxford
95,TRASH
96,Microsoft Research
97,Lexington High School
98,"Sofia University `St. Kliment Ohridski', Bulgaria"
99,"Centre for Quantum Information and Foundations, DAMTP, University of Cambridge, Perimeter Institute for Theoretical Physics"
100,LMO
101,LIFIA
102,BGU
103,GANG
104,"GANG, IRIF, LINCS"
105,"Univ. Grenoble Alpes, CNRS, Grenoble INP, GIPSA-lab, Grenoble, France"
106,"Arturia, Meylan, France"
107,ALMAnaCH
108,"ALMAnaCH, UPD7, CMB"
109,CNR-ILC
110,ANSI
111,IDS
112,"Potioc, LaBRI, Bordeaux INP"
113,"CNBI, Hybrid"
114,Laboratoire GDAC
115,"PHOENIX-POST, HACS, CNRS"
116,EPIONE
117,Instituto de Astrofisica de Canarias
118,"Institute for Solar Physics, Dept. of Astronomy, Stockholm University"
119,"IXXI, LIP"
120,"Anhui University, Hefei, China"
121,Sandy
122,NCSA
123,Morgridge Institute for Research
124,University of Nebraska-Lincoln
125,Syracuse University
126,University of Wisconsin-Madison
127,University of Illinois
128,Graz University of Technology
129,CESR
130,UC Davis
131,Oxford University
132,"Samsung AI Center, Skolkovo Institute of Science and Technology"
133,Samsung AI Center
134,MARACAS
135,CRESTIC
136,LIA
137,American University of Kuwait
138,Rafik Hariri University
139,UFRJ
140,UFIJ
141,ZENITH
142,IMS
143,Princeton University
144,University of Nebraska Lincoln
145,CERN
146,Arizona State University
147,for the Image Biomarker Standardisation Initiative
148,University of Cambridge
149,"Tohoku University, Japan"
150,"Twitter, Inc"
151,University of Michigan
152,Beihang University
153,Carleton University
154,Monash University
155,Santa Clara University
156,"Data61, CSIRO"
157,Pittsburgh Supercomputing Center
158,Internet2
159,BrightLite Information Security
160,Independent Consultant
161,Indiana University
162,Berkeley Lab
163,"LITIS, INSA Rouen Normandie, NU"
164,DocApp - LITIS
165,SCK-CEN
166,LITIS
167,"DMA, CNRS"
168,"LEGO, MARSOUIN, IMT Atlantique - LUSSI"
169,UL
170,for the Alzheimer's Disease Neuroimaging Initiative
171,"Potioc, LaBRI"
172,HACS
173,"LaBRI, Potioc"
174,CEDRIC
175,LIUM
176,ELM
177,MULTISPEECH
178,"RoMas, IUT NANTES"
179,"IS3P, ECN"
180,"LS2N, IUT NANTES"
181,"Indian Institute of Technology, Madras"
182,"EDF R\&D, LMO, SIERRA"
183,EDF R\&D
184,GIPSA-VIBS
185,"CEA-LETI, GIPSA-VIBS"
186,GIPSA-Services
187,Lebanese American University
188,Dhofar University
189,Iofedov
190,Northeastern University
191,CNR PISA
192,PANAMA
193,"LRI, EX-SITU"
194,Inria
195,LinkMedia
196,HKU
197,MFX
198,"LORIA, ZENITH"
199,NTNU
200,FEP
201,LFANT
202,Islamic University of Technology
203,LIGM
204,ERIC
205,Eugene
206,"BioGeCo, PLEIADE"
207,"PLEIADE, HiePACS"
208,HiePACS
209,"CISPA Helmholtz Center for Information Security, Saarland Informatics Campus, Germany"
210,Raymond
211,DeustoTech - Fundacion Deusto
212,"Kyoto University, Japan"
213,"University of Freiburg, Germany"
214,"University of Lisbon, Portugal"
215,"University of Edinburgh, Scotland"
216,KU
217,Joe
218,LIG Laboratoire d'Informatique de Grenoble
219,IV
220,"LIG, LIG Laboratoire d'Informatique de Grenoble"
221,RI2C - LITIS
222,for the SoLid collaboration
223,Fred
224,"Graduate School of Information Science and Engineering, Ritsumeikan University, Kusatsu, Shiga, Japan"
225,"College of Engineering, Shibaura Institute of Technology, Toyosu, Tokyo, Japan"
226,DATASHAPE
227,"Institute for Quantum Computing and David R. Cheriton School of Computer Science, University of Waterloo, Waterloo, Canada"
228,"Institute for Advanced Computer Studies and Joint Center for Quantum Information and Computer Science, University of Maryland, College Park, USA"
229,nee Khemchandani
230,Western University
231,Richard
232,ICSI and UC Berkeley
233,CJM
234,PLH
235,Seffi
236,SPECFUN
237,PEQUAN
238,PolSys
239,IRG
240,"ENS Paris Saclay, LIST"
241,LIST
242,Virginia Tech
243,Emory University
244,"European Commission, Joint Research Centre"
245,"Universitat Pompeu Fabra, Barcelona, Spain"
246,"KAJO, Bytca, Slovakia"
247,OBELIX
248,"Applied MRI Research, Department of Molecular imaging and Theranostics, National Institute of Radiological Sciences, QST"
249,"Department of Radiology, Juntendo University School of Medicine"
250,"Department of Neurology, Juntendo University School of Medicine"
251,"Department of Molecular imaging and Theranostics, National Institute of Radiological Sciences, QST"
252,"Technical College of Informatics, Sulaimani Polytechnic University, Sulaimani, KRG, Iraq"
253,"Computer Science and Engineering, University of Kurdistan Hewler"
254,"Univ Lyon, EnsL, UCBL, CNRS, LIP, F-69342, LYON Cedex 07, France"
255,"University of Bath, Department of Computer Science, Bath, United Kingdom"
256,"DiSIT, Universita' del Piemonte Orientale"
257,"School of Engineering and Computer Science, Victoria University of Wellington"
258,"DIBRIS, Universita' di Genova"
259,"Institute of Informatics, University of Warsaw"
260,"IRIF, Université Paris Diderot, France"
261,Porto University
262,École Polytechnique
263,Linagora
264,"Computer Science and Engineering Department, University of Kurdistan Hewler, Erbil, Kurdistan, Iraq and Department of Information Technology, University of Human Development, Sulaymaniyah, Kurdistan, Iraq."
265,"Skoltech Center for Computational Data-Intensive Science and Engineering, Skolkovo Institute of Science and Technology, Moscow, Russia"
266,"Q Bio, CA, USA"
267,'Sandy'
268,"GIPSA-VIBS, IHMTEK"
269,UFRGS
270,UFSCar
271,Fermilab
272,Brookhaven
273,BMF
274,UvA
275,"MEDIALAB, CIS"
276,Victoria University of Wellington
277,ORI
278,LAAS-GEPETTO
279,"I2M, IMATH"
280,I2M
281,IMATH
282,IMT
283,"IPRI, SIGPH@iPRI"
284,IPRI
285,DESW
286,PERVASIVE
287,"Max Planck Institute for Informatics, Saarbrücken"
288,"University of Bucharest, Romania"
289,CETHIL
290,LPS
291,ABC
292,The University of Texas at Austin
293,UFRN
294,Nuance Communications
295,CMU-Qatar
296,"LIPN, Université Paris 13"
297,CNRS
298,University of Edinburgh
299,University of Southern Denmark
300,North Carolina State University
301,Augusta University
302,"RIMS, Kyoto University"
303,Dipartimento di Informatica -- Scienza e Ingegneria
304,"LIPN, UMR 7030, Université Paris 13, Sorbonne Paris Cité, Villetaneuse, France"
305,Carnegie Mellon University
306,Neil
307,Ben
308,Ehsan
309,"Sapienza, University of Rome, Italy"
310,"TU Dortmund University, Germany"
311,LIPN
312,VERIMAG - IMAG
313,CAOR
314,"LINCS, INFRES"
315,NEO
316,EDF
317,"École Polytechnique, CNRS, LIX"
318,Hasso Plattner Institute
319,UMa
320,WIMMICS
321,UGB
322,LaRI
323,American University of Beirut
324,London South Bank University
325,IEEE Member
326,Université Paris-Dauphine
327,University of Portsmouth
328,GIN
329,"Mettu University, Ethiopia"
330,LAAS
331,"University of Essex, CSEE, Wivenhoe Park, Colchester CO4 3SQ, UK"
332,"Faculté de Médecine, 28 Place Henri Dunant, 63000 Clermont-Ferrand, France"
333,"University of Birmingham, School of Computer Science, Birmingham B15 2TT, UK"
334,Millenium Group Services
335,Prince Sultan University
336,"Harvard University, MA, USA"
337,"MIT Computer Science and Artificial Intelligence Laboratory, MA, USA"
338,"Qatar Computing Research Institute, HBKU, Qatar"
339,Meshcapade GmbH
340,MPI for Intelligent Systems
341,York University
342,MPI for Informatics
343,Shanghai Jiao Tong University
344,"ARAMIS, CMAP, ICM"
345,CRC - UMR-S 1138
346,"ICM, ARAMIS"
347,LBBE
348,LPSM UMR 8001
349,MIA-Paris
350,Shawn
351,KIWI
352,"CMM, LTCI"
353,CMM
354,LTCI
355,University of Glasgow
356,University of St Andrews
357,Imperial College London & Habito
358,Imperial College London
359,Università di Torino
360,"LASIGE, Faculdade de Ciencias, Universidade de Lisboa, Portugal"
361,Shitz
362,"GIPSA-Services, IHMTEK"
363,"Johannes Kepler University, Linz, Austria"
364,Ludwig Maximilian University Munich
365,University of Coimbra
366,Technical University of Denmark
367,djnjusa@kaist.ac.kr
368,jinsc37@kaist.ac.kr
369,taehyun@csail.mit.edu
370,University of the Azores
371,University of Kent
372,", American University of Kuwait"
373,"University of Belgrade, Belgrade, Serbia"
374,CIDRE
375,USC
376,ASU
377,CS-UCSB
378,IF
379,"LM-Orsay, LMSSC"
380,SMA
381,UECE
382,"University of Coimbra, Portugal"
383,"Graz University of Technology, Austria"
384,Chris
385,Peter
386,RANDOPT
387,HNUE
388,IJS
389,FUN
390,"Computer Science and Engineering Department, University of Kurdistan Hewler, Kurdistan, Iraq"
391,"Faculty of Engineering, Soran University, Kurdistan, Iraq"
392,"Department of Computer Education and Instructional Technology, Firat University, Elazig, Turkey"
393,LHC
394,MODAL
395,"IECL, IMAG"
396,Daphne
397,LSV
398,LAAS-CDA
399,INL - CSH
400,Jerry
401,Allyson
402,"CMAP, XPOP"
403,"CMAP, XPOP, PARIETAL"
404,X
405,Technical University of Munich
406,"Faculty of Civil Engineering, Czech Technical University in Prague"
407,LAMIA
408,LIX
409,NPA
410,"NPA, LINCS"
411,IRIT
412,"LIP6, Sorbonne University, NPA"
413,NICTA
414,"LIP6, Sorbonne University, LINCS, NPA"
415,eds.
416,University of Utah
417,"Institute for Automation and Applied Informatics, Karlsruhe Institute of Technology"
418,"CITI, PRIVATICS"
419,KU Leuven
420,GRACE
421,Xuemin
422,ILCEA4
423,TU Delft
424,CARTE
425,MC2
426,"CEDRIC - OC, UMA"
427,G-SCOP_OC
428,"UCA, TITANE"
429,TAU
430,Yulin
431,LAAS-MAC
432,CMU
433,UNIVAQ
434,"UNIV-RENNES, DiverSe"
435,UCI
436,VU
437,LACL
438,SysMIC
439,IUT GEII Montpellier
440,"Laboratoire I3S - SPARKS, WIMMICS, CRISAM"
441,Favonia
442,Corresponding author
443,University of Tübingen
444,Saarland University
445,IDH
446,"IDH, CNRS-AIST JRL"
447,LIRMM
448,TU-Sofia
449,"ECN, LS2N"
450,DELYS
451,Michael
452,"Institute of Bioengineering, École Polytechnique Fédérale de Lausanne, Campus Biotech, Geneva, Switzerland"
453,"IMT Atlantique - SRCD, ADOPNET"
454,EteRNA players
455,"LIMOS, LITIS"
456,LIMOS
457,Quartz
458,LISMMA
459,"LAAS, LAAS-DISCO"
460,LAAS-DISCO
461,XLIM-ASALI
462,NII
463,for the OSmOSE team
464,LIP
465,"LIP, PLUME"
466,"SEQUEL, NON-A-POST"
467,NON-A-POST
468,SEQUEL
469,CDTA
470,Tsinghua University
471,"ONERA / DTIS, Université de Toulouse"
472,"LAMA, CNRS"
473,LM-Orsay
474,"CEA, LITEN, INES"
475,U Paris Dauphine
476,U Paris Dauphine & U Warwick
477,co-first authors
478,Université catholique de Louvain
479,Chalmers University of Technology
480,GuardiCore Labs
481,University of Vienna
482,Dj
483,Queensland University of Technology
484,University of New South Wales
485,"Centre for German and European Studies, St. Petersburg State University"
486,Nagoya University
487,Goethe-University Frankfurt am Main
488,Alexandru Ioan Cuza University and Bitdefender
489,Alexandru Ioan Cuza University
490,"The Alan Turing Institute, University of Cambridge"
491,Hindawi Limited
492,PréTech
493,"GETALP, LIG"
494,"LIG, GETALP"
495,"LIENS, SIERRA"
496,Rtd.
497,"LIP6, LIST, NPA"
498,"HEC Paris, TSM"
499,"NPA, LINCS, LIP6"
500,"LIST, DILS"
501,Inria Lille
502,"Goethe Universität, Frankfurt"
503,UNSW Australia
504,"Department of Communication Science, University of Amsterdam"
505,"Institute for Design and Urban Studies, ITMO University"
506,"LAMA, USMB"
507,"IMAG, Univ. Montpellier"
508,IRT b-com
509,Math
510,IMT Atlantique
511,RCO
512,ECUST
513,RWTH Aachen University
514,"NPA, LIP6, UPMC"
515,DILS
516,"LIP6, NPA, UPMC, LINCS, MIMOVE"
517,LIFL
518,"Lab-STICC, IMT Atlantique"
519,"Delft University of Technology, Netherlands"
520,"Indian Institute of Science, Bangalore"
521,The University of Auckland
522,"Real-Time Systems Lab, TU Darmstadt"
523,"Institute for Programming and Reactive Systems, TU Braunschweig"
524,ISAE-SUPAERO
525,CNES
526,IRIF
527,"LaBRI, UB"
528,HAR
529,"ENSAE ParisTech, PARIETAL"
530,"CREST, ENSAE ParisTech"
531,LIP6
532,LLR
533,UMR 8119
534,Delft University of Technology
535,"SIERRA, Inria, PSL"
536,University of Rochester
537,Texas A&M University
538,MIT EECS Department
539,MIT CSAIL
540,MIT Mathematics Department
541,"Department of Mathematics, University of Kaiserslautern"
542,L'IFORCE
543,LaBRI
544,LAAS-ISI
545,DeVisu
546,ECO
547,"LINCS, MIMOVE, NPA"
548,"Centre for Quantum Information and Foundations, DAMTP, University of Cambridge and Perimeter Institute"
549,ETH Zürich
550,"IRIF, LINCS, GANG"
551,SAMM
552,National Institutes of Health
553,University of the Witwatersrand
554,Keio University
555,McMaster University
556,Gran Sasso Science Institute
557,Cameron
558,Universidad Politécnica de Madrid
559,Universidad Rey Juan Carlos
560,Universidad Complutense de Madrid
561,"University of Koblenz-Landau, Germany"
562,"University of Koblenz-Landau and University of Southampton, Germany"
563,"LPSM UMR 8001, UPD7"
564,"LPSM UMR 8001, UPD7, FiME Lab"
565,"EDF, FiME Lab"
566,"Department of Biostatistics, University of North Carolina, Chapel Hill, North Carolina, U.S.A"
567,"Department of Nutrition, University of North Carolina, Chapel Hill, U.S.A"
568,"Center of Economic and Social Research, University of Southern California, Los Angeles, California, U.S.A"
569,"Department of Nutrition, University of Texas, Austin, Texas, U.S.A"
570,Athens University of Economics and Business
571,Rice University
572,"University of California San Diego, United States"
573,"Northeastern University, United States"
574,"Brown University, United States"
575,"Hasso Plattner Institute, Germany"
576,"Hasso Plattner Institute, University of Potsdam, Germany"
577,Hasso-Plattner-Institut
578,"The University of Hong Kong, Hong Kong"
579,"Victoria University of Wellington, New Zealand"
580,"Victoria University Wellington, New Zealand"
581,"TU Darmstadt, Germany"
582,"Epoka University, Albania"
583,"Universita della Svizzera Italiana, Switzerland"
584,"CWI, Netherlands"
585,"Utrecht University, Netherlands"
586,"AdaCore, United States"
587,"Vrije Unversiteit Brussel, Belgium"
588,"Ghent University, Belgium"
589,"Vrije Universiteit Brussel, Belgium"
590,"CAU Kiel, Germany"
591,"Flensburg University of Applied Sciences, Germany"
592,"University of Kiel, Germany"
593,Saarland Informatics Campus
594,Deutscher Wetterdienst
595,Tony
596,University of Southern California
597,"FAIR, ALMAnaCH"
598,FAIR
599,MLIA
600,CASYS
601,"CNRS, LIX"
602,"University of Idaho, USA"
603,"Universidad Técnica Federico Santa María, Chile"
604,TU Dortmund University
605,SYMME
606,IPC
607,"Université de Lorraine, CNRS, Inria, LORIA, F 54000 Nancy, France"
608,Radboud University
609,Statebox
610,Aalborg University
611,University of Waterloo
612,"Department of Electrical & Computer Engineering, Rice University, Houston, USA"
613,IRMAR
614,JKU
615,"Biomedical Image Analysis Group, Department of Computing, Imperial College London"
616,"Division of Brain Sciences, Dept. of Medicine, Imperial College London"
617,"William Harvey Research Institute, Queen Mary University of London"
618,"Division of Cardiovascular Medicine, Radcliffe Department of Medicine, University of Oxford"
619,"GlaxoSmithKline Research and Development, UK"
620,Sean
621,MPI-SWS
622,"Polytech Nantes, DUKe, LS2N"
623,LINA
624,"Institute for Theoretical Computer Science, Universität zu Lübeck, Germany"
625,"Institute for Computing and Information Sciences, Radboud University Nijmegen, Nijmegen, The Netherlands"
626,GALaC - LRI
627,LRI
628,GE Healthcare
629,Charlie
630,University of Sydney and Capital Markets Cooperative Research Centre
631,Qatar Computing Research Institute
632,Harvard
633,Durham
634,Wigner Research Centre
635,Michigan State University
636,TU Darmstadt
637,xorlab
638,ETH Zurich
639,LMT
640,Heudiasyc
641,"IRCCyN, LS2N, PSI"
642,"PSI, LS2N, IUT NANTES"
643,"IUT NANTES, LS2N, PSI"
644,"DMA, CLASSIC"
645,LS2N
646,Murali
647,"IMB, LFANT"
648,UFC
649,University of Cambridge - Computer Laboratory
650,University of Sheffield - Department of Oncology & Metabolism
651,Rick
652,Los Alamos National Laboratory
653,Minnetonka Public Schools
654,Data61/CSIRO and the Australian National University
655,McGill University
656,Gothenburg University
657,ENS Paris Saclay
658,Barcelona Supercomputing Center
659,DEDUCTEAM
660,UNIMORE
661,IDC
662,"LPSM UMR 8001, CMAP"
663,"LPSM UMR 8001, DMA"
664,LIS
665,Clara
666,Innopolis University
667,Editors
668,Google Research and The Hebrew University of Jerusalem Israel
669,Google Research and Bar-Ilan University
670,Google Research
671,University of Helsinki
672,"Department of Systems Biology, Harvard Medical School, Boston, USA"
673,"IRIF, CNRS and Paris Diderot University"
674,Cornell University
675,"Saarland University, Germany"
676,University of Leicester
677,Colorado State University
678,University of Konstanz
679,"Instituto de Geofísica, Universidad Nacional Autónoma de México"
680,Stevens Institute of Technology
681,UHH
682,TAU-CS
683,University of Chicago
684,"Inria Paris & École normale supérieure, PSL University"
685,National Institute of Advanced Industrial Science and Technology
686,"Sorbonne Universités, UPMC Univ Paris 06 & École normale supérieure, PSL University & Inria Paris"
687,ENSTA-ParisTech
688,Inria Paris
689,"University of Cambridge, UK"
690,Saint Petersburg State University
691,LJK
692,PRIMA
693,ELEC
694,CS
695,ALGCO
696,CPSC
697,for the Alzheimers Disease Neuroimaging Initiative
698,"Department of Preventive and Social Medicine, Faculty of Medicine, Chulalongkorn University, Bangkok, Thailand"
699,The University of Texas at Dallas
700,University of Maryland
701,University of Siegen
702,Ochanomizu University
703,Jane Street Europe
704,"Computer Aided Medical Procedures, Technische Universit Munchen, Germany"
705,"National Institute of Technology Tiruchirappalli, India"
706,"Sharif University of Technology, Iran"
707,"Augenklinik der Universitat, Klinikum der Universitat Munchen, Germany"
708,TALEP
709,"LIS, TALEP"
710,DI-ENS
711,TU/e
712,ESAT
713,Department of Electrical Engineering and Computer Science York University
714,Department of Computer Science University of Manitoba
715,Google Brain Toronto
716,Department of Computer Science Ryerson University
717,GAMBLE
718,TEXTE
719,"I3S, WIMMICS"
720,"UCA, WIMMICS"
721,GALLINETTE
722,"Computer Science and Engineering Department, Shahid Beheshti University, Tehran, IRAN-Institute for Cognitive and Brain Science, Shahid Beheshti University, Tehran, Iran"
723,"School of Computing, University of Utah, Salt Lake City, USA"
724,"Electrical and Computer Engineering Department, University of Tehran, Tehran, IRAN"
725,"GOAL,G-SCOP\_OC"
726,UNAM
727,"XPOP,CMAP"
728,CMAP
729,MODAL'X
730,"CMAP,XPOP"
731,FTR\&D
732,"LIF, TALEP"
733,LIF
734,IMB
735,IM2A
736,CH St Joseph
737,SAPPH
738,"ICM, IM2A, UPMC"
739,"ARAMIS, UPMC, ICM"
740,CATI
741,"UPMC, ICM, IM2A"
742,"IM2A, ARAMIS, UPMC, ICM"
743,QARMA
744,ENAC
745,Université de Haute-Alsace
746,PLANETE
747,LICIT
748,CITI
749,TU Wien
750,ULISBOA
751,"CRAN, UL"
752,"CEA, NPA, LIP6"
753,CEA
754,"NPA, LIP6, LINCS"
755,"DILS, CEA"
756,GERIICO
757,CARAMBA
758,LISSI
759,"GIPSA-Services, CNRS"
760,IHMTEK
761,AROMATH
762,"UCA, ATHENA"
763,"ATHENA, UCA"
764,UCA
765,Hassanzadeh
766,Lomonosov Moscow State University Skobeltsyn Institute of Nuclear Physics
767,NREL
768,LANL
769,TROPICAL
770,FiME Lab
771,"Senior member, IEEE"
772,"Lomonosov Moscow State University, Skobeltsyn Institute of Nuclear Physics"
773,"Matrosov Institute for System Dynamics and Control Theory, Siberian Branch of Russian Academy of Sciences"
774,"Applied Physics Institute, Irkutsk State University"
775,"DEDUCTEAM, LSV"
776,"DEDUCTEAM, LSV, CRI, ENS Paris Saclay"
777,"Matrosov Institute for System Dynamics and Control Theory, Siberian Branch of Russian Academy of Sciences, Irkutsk, Russia"
778,Applied Physics Institute of Irkutsk State University
779,"Dept. of Bioengineering, Imperial College London"
780,"Dept. of Aeronautics, Imperial College London"
781,Cozak
782,"CAMS, Centre d'analyse et de mathematique sociale"
783,"Commands, Inria Saclay and CMAP Ecole Polytechnique"
784,"the Key Laboratory of Child Development and Learning Science of Ministry of Education, and the Department of Information Science and Engineering, Southeast University, China"
785,"School of Computer Science and Engineering, Nanjing University of Science and Technology, Nanjing, Jiangsu, China"
786,IFPEN
787,"Hellenic Complex Systems Laboratory, Drama, Greece"
788,Shanghai Jiao Tong Univerisity
789,Stanford University
790,University of Illinois at Urbana-Champaign
791,Universidad de Granada
792,Universidad de Jaén
793,"CNRS, IMB"
794,"UB, IMB"
795,"CNRS, IAP"
796,CWI
797,"Department of Computer Science, University of Waikato, Hamilton, New Zealand"
798,High Assurance Software Laboratory
799,HASLab/INESC TEC & University of Minho
800,National Institute of Informatics
801,"Dipartimento di Informatica, Università degli Studi di Milano"
802,Technical University of Dortmund
803,"Inria, Université Paris-Saclay, F-91120 Palaiseau"
804,"AdaCore, F-75009 Paris"
805,"DMA, LPSM UMR 8001"
806,"LMO, MOKAPLAN"
807,"MOKAPLAN, CEREMADE"
808,"ITAV, IMT"
809,Lab of Efficient Architectures for Digital-communication and Signal-processing
810,National Mobile Communications Research Laboratory
811,"School of Electrical Engineering, Tel-Aviv University, Tel-Aviv, Israel"
812,"Analytics, Intelligence, and Technology Division, Los Alamos National Laboratory, Los Alamos, New Mexico, USA"
813,"Intelligence and Emerging Threats Program Office, Los Alamos National Laboratory, Los Alamos, New Mexico, USA"
814,"Bioscience Division, Los Alamos National Laboratory, Los Alamos, New Mexico, USA"
815,"High Performance Computing Division, Los Alamos National Laboratory, Los Alamos, New Mexico, USA"
816,"SIERRA, PSL"
817,"Faculty of Computer Engineering, Shahid Rajaee Teacher Training University, Tehran, Iran"
818,"School of Cognitive Sciences, Institute for Research in Fundamental Sciences, Tehran, Iran"
819,"University of York, UK"
820,"Katholieke Universiteit Leuven, Belgium"
821,"Linnaeus University, Sweden"
822,CRAN
823,"HASLab/INESC TEC and Universidade do Minho, Portugal."
824,"Maynooth University, Ireland"
825,"Software Safety and Security Lab, France"
826,"University of Wrocław, Poland"
827,"Neurosurgical Simulation Research and Training Centre, McGill University, Canada"
828,"Science and Research Branch, Islamic Azad University, Iran"
829,DRUID
830,LAMFA
831,STMS
832,DISP
833,Georgia Institute of Technology
834,LASPI
835,ECS Federal
836,Defense Advanced Research Projects Agency
837,OCA
838,"OBELIX, PANAMA"
839,ESCAPE
840,Amazon
841,New York University
842,Infosys
843,Samsung
844,Veermata Jijabai Technological Institute
845,"ENAC, IMT"
846,ICA
847,"LSP, ENAC, IMT"
848,"University of Oxford, Institute of Biomedical Engineering, Dept. Engineering Sciences, Oxford, UK"
849,"Nuffield Department of Clinical Neurosciences, Oxford Parkinson's Disease Centre"
850,"Department of Clinical Neurophysiology, Oxford University Hospitals, John Radcliffe Hospital, University of Oxford, UK"
851,Andrew
852,LAAS-TSF
853,"LAAS-TSF, INSA Toulouse"
854,"LI-PaRAD, UVSQ"
855,UVSQ
856,née Müller
857,Queen Mary University of London
858,"ILLC, University of Amsterdam"
859,University of Amsterdam
860,"POLIMI, UNIBZ"
861,Centralesupélec
862,"Graduate Center, CUNY"
863,"Dept. Mathematics, UC Riverside"
864,"Gentner Lab, UC San Diego"
865,University of York
866,ATB Financial
867,University of Alberta
868,Palaiseau
869,LACODAM
870,"UR1, LinkMedia"
871,"LACODAM, INSA Rennes"
872,"University of Calgary, Canada"
873,"University of York, United Kingdom"
874,"INRIA, France"
875,LIESP
876,"ITIC, Universidad Nacional de Cuyo. Mendoza, Argentina"
877,"ISISTAN-UNICEN-CONICET. Tandil, Buenos Aires, Argentina"
878,"Departamento de Lenguajes y Ciencias de la Computación, Universidad de Málaga. Spain"
879,"Eindhoven University of Technology, Eindhoven, The Netherlands"
880,"Royal Philips B.V., Eindhoven, The Netherlands"
881,Peoples' Friendship University of Russia
882,National Research University Higher School of Economics
883,EJ
884,on behalf of JET Contributors
885,EPFL
886,Boğaziçi University
887,University of Bergen
888,CAMT
889,AIST
890,LISV
891,L2S
892,Skydio
893,German Aerospace Center
894,Transportation Research Center
895,Technical University Munich
896,"LIP6, Inria, PolSys"
897,"Inria, LIP6, PolSys"
898,"PolSys, Inria, LIP6"
899,"LIMOS, CIS-ENSMSE"
900,"Computer Vision Group, Friedrich Schiller University of Jena"
901,"Department of Social Psychology, Friedrich Schiller University of Jena"
902,NANO-D
903,MARELLE
904,PI.R2
905,VERIDIS
906,"Centaur Technology, Inc."
907,CNRS-AIST JRL
908,DIAG
909,LPMA
910,"Missouri S&T EMC Laboratory, Rolla, MO, USA"
911,"Boeing Company, St. Louis, MO, USA"
912,Polytechnique Montréal
913,ICAR
914,"University of Tours, France"
915,"Heinrich-Heine-Universität Düsseldorf, Germany"
916,"University of Tübingen, Germany"
917,"FAIR, PSL, SIERRA"
918,"PSL, FAIR, LSCP"
919,"DI-ENS, PSL, SIERRA"
920,"DIAG, NPA"
921,"NPA, IUF, LINCS"
922,"ISG Management Institute Bardo, Tunisia"
923,"University of Kairouan Kairouan, Tunisia"
924,"New Jersey Institute of Technology Newark, NJ, USA"
925,The University of Queensland
926,University of Toronto
927,"Department of Information Technology, Uppsala University, Uppsala, Sweden"
928,"Department of Computational Science and Technology, Royal Institute of Technology, KTH, Stockholm, Sweden"
929,"Department of Computer Science, University of York, York, United Kingdom"
930,LAMIH
931,James
932,Stony Brook University
933,University of Sheffield
934,University of Surrey
935,University of Waikato
936,"PPGI, DCC/IM, Universidade Federal do Rio de Janeiro"
937,"DEL/Poli & PEE/COPPE, Universidade Federal do Rio de Janeiro"
938,ODYSSEE
939,imagine
940,Institut für Logic and Computation Technische Universität Wien
941,ARIC
942,"LSE, PERVASIVE"
943,Université de Lorraine
944,"TU Wien, Austria"
945,"LIP6, CRESTIC"
946,GREGH
947,University of Torino
948,Universidad de la Republica
949,MOCQUA
950,LOMA
951,IBM Research
952,Worldsensing
953,CEA Saclay
954,LRZ
955,Intel
956,ATHENA
957,UT Austin
958,University of British Columbia
959,University of Wyoming
960,Centaur Technology
961,"Kestrel Technology LLC, Palo Alto, CA"
962,"Centaur Technology, Inc., Austin, TX"
963,Rockwell Collins
964,Kestrel Institute
965,Technische Universität Berlin
966,"University of Neuchâtel, 2000 Neuchâtel, Switzerland"
967,"University of California, Santa Cruz, CA 95064, USA"
968,"University of Houston, Houston, TX 77204-3010, USA"
969,LINCS
970,GOAL
971,LIM - University of La Réunion
972,"Technische Universität Darmstadt, Germany"
973,KTH Royal Institute of Technology
974,"INRIA Rennes - Bretagne Atlantique, France"
975,"Università degli Studi di Cagliari, Italy"
976,"Dipartimento di Matematica e Informatica, University of Catania"
977,"Dipartimento di Informatica, University of Torino"
978,"Institute of Informatics, LMU Munich"
979,"University of Cagliari, Italy"
980,"School of Optical and Electronic Informaiton, Huazhong University of Science and Technology, Wuhan, China"
981,"Computer Science and Artificial Intelligence Laboratory, Massachusetts Institute of Technology, Cambridge, U.S.A"
982,University of Wisconsin - Madison
983,Georgia Tech
984,MIT Computer Science and Artificial Intelligence Laboratory
985,"Sofia University, Bulgaria"
986,Netherlands eScience Center
987,University of Groningen
988,Princeton University and Google Brain
989,Google AI
990,"IMAG, IECL"
991,Dstl
992,IBM
993,Defence Academy
994,GET
995,LSCE
996,IMFT
997,NPU
998,"DISP, INSA Lyon"
999,"LS2N, IMT Atlantique"
1000,OVE
1001,Toulouse
1002,GATECH
1003,CALMIP
1004,CESBIO
1005,"LIP6, LIST"
1006,Sorbonne University
1007,Lifeware
1008,"Ural Federal University, Ekaterinburg, Russia"
1009,"Saint Petersburg State University, St. Petersburg, Russia"
1010,"National Research University Higher School of Economics, Moscow, Russia"
1011,"University of Potsdam, Germany"
1012,"Applied Modelling and Computation Group, Department of Earth Science and Engineering, Imperial College London, UK"
1013,"Department of Scientific Computing, Florida State University, USA"
1014,"Inria, IMB"
1015,Kokotov
1016,LI-PaRAD
1017,"GREGH, LMO"
1018,"DTIS, ONERA, Université Paris Saclay, LIRMM"
1019,"DTIS, ONERA, Université Paris Saclay"
1020,"ICAR, LIRMM"
1021,DRASSM
1022,"Slovak University of Technology in Bratislava, Bratislava, Slovakia"
1023,Heidelberg University
1024,NVIDIA Corporation
1025,Purdue University
1026,"Monash University, Clayton, Australia"
1027,VisAGeS
1028,"UGA, CHROMA"
1029,CHROMA
1030,"CVN, GALEN"
1031,"ENPC, LIGM"
1032,"DIRO, MILA"
1033,"ENPC, CSD-UOC, LIGM"
1034,"Georgia Institute of Technology, Galois Inc"
1035,"Automatics, Robotics and Artificial Vision Research Group, Dept. of Physics, System Engineering and Signal Theory, University of Alicante, Spain"
1036,"CNRS-AIST JRL, LAAS"
1037,"Potioc, CRNL, LaBRI"
1038,"NOVA LINCS and Dep of Informatics, FCT, NOVA University of Lisbon"
1039,Heriot-Watt University
1040,"DEC, University ""G. d'Annunzio"" of Chieti-Pescara, Pescara, Italy"
1041,"MiST, DSIC, Universitat Politècnica de València, València, Spain"
1042,"University of Roma Tor Vergata, Roma, Italy"
1043,"CNR-IASI, Roma, Italy"
1044,Universitat Politecnica de Valencia
1045,Northrop Grumman Corporation
1046,Instituto de Investigaciones en Matemáticas Aplicadas y en Sistemas
1047,Quora
1048,Free University of Bozen-Bolzano
1049,Master student at Technical University of Munich
1050,IMJ-PRG
1051,Amazon.com
1052,Yale University
1053,Ben-Gurion University
1054,Federal Institute of Ceará
1055,Federal University of Ceará
1056,"University of Napoli Federico II, Italy"
1057,"University of Udine, Italy"
1058,University of Western Australia
1059,"DEIB, Politecnico di Milano"
1060,"DEIB, Politecnico di Milano, and IEIIT, Consiglio Nazionale delle Ricerche"
1061,Chennai Mathematical Institute
1062,Swansea University
1063,Université de Mons
1064,Université libre de Bruxelles
1065,"Aalto University, Department of Computer Science"
1066,Atkins
1067,"Shenzhen Urban Transport Planning Center Co. Ltd, China"
1068,NEUROSPIN
1069,National Research Council of Italy
1070,"IRIF, GANG"
1071,"GANG, IRIF"
1072,"Department of Computing, Imperial College London, London UK, SW7 2AZ"
1073,"KooLab, Kujiale.com, Hangzhou China"
1074,UMR TETIS
1075,SMILE
1076,"LITIS, UNIROUEN"
1077,"Don State Technical University, Rostov-on-Don, Russia"
1078,"CNRS, Univ. Lyon"
1079,Arskan
1080,Université Savoie Mont Blanc
1081,"Ikerbasque Fellow, Univ of the Basque Country"
1082,Raj
1083,MEXICO
1084,BioInfo - LRI
1085,Wendy
1086,"Faculty of Informatics, Masaryk University, Brno, Czech Republic"
1087,Chiba University
1088,"AMA, LHC"
1089,AMA
1090,"LS2N, ReV"
1091,"Fondazione Bruno Kessler, Italy"
1092,"Università di Bologna and INRIA, Italy"
1093,TU Berlin
1094,"University of Edinburgh, UK"
1095,"Università di Udine, Italy"
1096,"Università Ca` Foscari Venezia, Italy"
1097,University of Camerino
1098,INRIA Saclay - Ile de France
1099,"Department of Computer Science, Aalborg University"
1100,"University of Groningen, The Netherlands"
1101,"University of Insubria, Italy"
1102,EXPRESSION
1103,"Department of Computing, Imperial College London, UK"
1104,"School of Informatics, University of Edinburgh, UK"
1105,"School of Computer Science, University of Manchester, UK"
1106,"Electrical Engineering - Computer Systems, Stanford University, USA"
1107,Lawrence Berkeley National Laboratory
1108,IBM Watson
1109,"School of Systems Science, Beijing Normal University, Beijing, China"
1110,The University of New South Wales
1111,Zhengzhou University
1112,"Department of Applied Mathematics and Computer Science, Technical University of Denmark, Denmark"
1113,"Radiation Physics, Department of Hematology, Oncology and Radiation Physics, Skåne University Hospital, Lund, Sweden"
1114,"Danish Research Centre for Magnetic Resonance, Copenhagen University Hospital Hvidovre, Denmark"
1115,"Department of Oncology, Copenhagen University Hospital Rigshospitalet, Denmark"
1116,"Neuroradiological Academic Unit, Department of Brain Repair and Rehabilitation, UCL Institute of Neurology, University College London, UK"
1117,"Wellcome Centre for Human Neuroimaging, UCL Institute of Neurology, University College London, UK"
1118,"Department of Clinical Physiology, Nuclear Medicine and PET, Copenhagen University Hospital Rigshospitalet, Denmark"
1119,USTC
1120,POSTECH
1121,WPI
1122,Tohoku
1123,"ISC, UMR 7044, GERIICO"
1124,ISC
1125,"Beijing University of Posts and Telecommunications, Beijing, China"
1126,"INRIA Futurs, LIFL, INRIA Lille - Nord Europe"
1127,"LaBRI, IUF"
1128,"LaBRI, INRIA Futurs"
1129,IRCCyN
1130,LIAFA
1131,"Durham University, UK."
1132,"CNRS/LIX, Ecole Polytechnique, France"
1133,"Equipe de Logique Mathematique, Universite Paris Diderot - Paris 7, France"
1134,"ELM, IMJ, LIP"
1135,Vrije Universiteit Brussel
1136,INRIA Lille - Nord Europe
1137,"SIBSUTI, ICT SBRAS"
1138,MIS
1139,"ENS-Lyon, LIP and Universite de Grenoble, LIG"
1140,"Universite de Grenoble, LIG, and Universite Paris-Nord, Laboratoire LIPN"
1141,"CITI, INRIA Rhône-Alpes"
1142,LIFO
1143,E3I2
1144,Georg-August-Universität Göttingen
1145,City University of Hong Kong
1146,The Boing Company
1147,INRIA Lorraine - LORIA
1148,Université de Savoie
1149,Volvo Wheel Loaders AB
1150,Linkoping University
1151,INRIA Sophia Antipolis
1152,University of Innsbruck
1153,IML
1154,"Institute for Artificial Intelligence, The University of Georgia, Athens, Georgia, U.S.A."
1155,"Department of Mathematics, University of Parma, and BUGSENG srl, Italy"
1156,"Department of Computer Science, University of Otago, Dunedin, New Zealand"
1157,"Department of Computer Science, VU University Amsterdam, The Netherlands"
1158,"Intelligent Systems Laboratory, University of Bristol, United Kingdom"
1159,"School of Computer Science and Technology, Shandong University, Department of Co"
1160,JAD
1161,Max Planck Institute for Informatics
1162,CWI Amsterdam
1163,"Department of Informatics, University of Bergen, Norway"
1164,UPenn
1165,"PUC, Chile"
1166,U Chile
1167,U Edinburgh
1168,UMass
1169,Edinbugh
1170,"INRIA Rocquencourt, LIP6"
1171,"ITBA, CORE"
1172,ITBA
1173,"ITBA, CONICET"
1174,"CONICET, LabOp"
1175,"LETI, PRISM"
1176,LETI
1177,PRISM
1178,"LAAS, CTU/FEE"
1179,Università di Bologna
1180,"LMU, Munchen"
1181,"University of Minnesota, Duluth"
1182,HEUDIASYC
1183,Wayne State
1184,DIM
1185,MAPMO
1186,"MAPMO, IMB"
1187,"Institute of Science and Technology, Vienna, Austria"
1188,"University of California, Santa Cruz, USA"
1189,"University of California, Los Angeles, USA"
1190,LPTMC
1191,CEMI
1192,UCM
1193,IGM-LabInfo
1194,INRIA Futurs
1195,"DMA, GREGH"
1196,"PPS, INRIA Paris - Rocquencourt, LIX"
1197,ROSAEC
1198,"PPS, INRIA Paris - Rocquencourt"
1199,IBISC
1200,Chaire Radio Flexible
1201,"Dipartimento di Informatica, Universitá di Torino"
1202,"Molecular Biotechnology Center, Dipartimento di Genetica, Biologia e Biochimica and Dipartimento di Informatica, Universitá di Torino"
1203,"Dipartimento di Biologia Vegetale, Università di Torino"
1204,MSA
1205,INRIA
1206,"Hamburg U., Inst. Theor. Phys. II & Dubna, JINR"
1207,"Hamburg U., Inst. Theor. Phys. II"
1208,INRIA Rocquencourt
1209,"INRIA Rocquencourt, LIENS"
1210,LPTL
1211,Budapest University of Technology and Economics
1212,"Cork Constraint Computation Centre, University College Cork"
1213,LMOPS
1214,"Max Planck Institute for Astronomy, Heidelberg"
1215,LIMSI
1216,Smithsonian Astrophysical Observatory
1217,MIT Kavli Institute for Space Research
1218,"Department of Mathematics, KTH, Stockholm, Sweden"
1219,IFJ-PAN - Polish Academy of Sciences
1220,Department of Information Systems Engineering Ben-Gurion University Israel
1221,Department of Computer Science Ben-Gurion University Israel
1222,"INRIA Futurs, Lifl"
1223,"STMS, CRESTIC"
1224,LMI
1225,"University of Extremadura, Department of Information and Communication, Scimago Group, Spain"
1226,"CSIC, CCHS, IPP, Scimago Group Spain"
1227,INRIA Bordeaux - Sud-Ouest
1228,KAIST
1229,IGM
1230,"Kapteyn Astronomical Institute, University of Groningen, the Netherlands"
1231,"Dept. Physics & Astronomy, the Johns Hopkins University, Baltimore, USA"
1232,"Drahomanov National Pedagogical University, Kyiv, Ukraine"
1233,CECO
1234,"INRIA Saclay - Ile de France, IDSL"
1235,"LM-Besançon, INRIA - IRISA"
1236,Masaryk University
1237,University of Twente
1238,"University of California, Riverside"
1239,"Masaryk University, Czech Republic"
1240,VERIMAG
1241,"Centre for Logic and Information, St. Francis Xavier University, Canada"
1242,Helsinki University of Technology TKK
1243,CoSBi
1244,MTA Sztaki
1245,PPS
1246,The Ohio State University
1247,Radboud University Nijmegen
1248,"LIX, INRIA Bordeaux - Sud-Ouest"
1249,Eindhoven University of Technology
1250,"Department of Computing, Macquarie University, NSW 2109, Sydney, Australia."
1251,FIUBA
1252,"LIX, INRIA Saclay - Ile de France"
1253,"INRIA Saclay - Ile de France, CRAN"
1254,Franklin and Marshall College
1255,"CWI, Netherland"
1256,"University of Insubria - Como, Italy"
1257,"University of Leicester, UK"
1258,"Department of Computing Science, University of Alberta, Edmonton, Canada"
1259,"ECS, University of Southampton"
1260,INFN Sezione di Genova
1261,European Organization for Nuclear Research
1262,Oak Ridge National Laboratory
1263,"Editor-in-Chief, IEEE TNS"
1264,"LIP6, INRIA Rocquencourt"
1265,ICS
1266,"INRIA Rhône-Alpes / LIP Laboratoire de l'Informatique du Parallélisme, LIP"
1267,"VERIMAG, Centre Équation"
1268,"CEA, LIST"
1269,University of Urbino
1270,"Dept. Computer Science, Katholieke Universiteit Leuven"
1271,IT University of Copenhagen
1272,Worcester Polytechnic Institute
1273,LORIA
1274,Moscow State Univ.
1275,CWI and University of Amsterdam
1276,"Dipartimento di informatica, Pisa."
1277,"Dipartimento di informatica, Pisa"
1278,Vienna University of Technology
1279,University of Auckland
1280,"Dipartimento di Informatica, Università di Torino"
1281,"Dipartimento di Informatica, Università del Piemonte Orientale"
1282,"International Institute of Software Technology, United Nations University"
1283,"INRIA Saclay - Ile de France, LNAO"
1284,LCogn
1285,LNAO
1286,ACROE
1287,"ACROE, ICA"
1288,"DiMI, University of Udine"
1289,VERIMAG - Imag
1290,"Altai State Technical University, Russia"
1291,TIMC
1292,ICTT
1293,INRIA/Irisa Rennes
1294,GREYC
1295,Konstanz university
1296,Freiburg University
1297,LSV Cachan
1298,Université Paris-Est
1299,LGS
1300,Bell Labs
1301,CNRS & Université Paris Diderot-Paris 7
1302,Alexandria University
1303,"Institute of Logic, Language, and Computation, University of Amsterdam"
1304,"Department of Electrical and Computer Engineering, Virginia Tech"
1305,Reykjavik University
1306,University of Virginia and L-3 Communications CSW
1307,University of Virginia
1308,"LITIS, IDEES"
1309,DIE
1310,CRI
1311,IREENA
1312,George Mason University
1313,"LIESP, SICOMOR"
1314,"LIESP, Ictt"
1315,"ROBOTIC Laboratory, Irccyn"
1316,ROBOTIC Laboratory
1317,"IRCCyN, CIM"
1318,INRIA Lorraine - LORIA / LIFC
1319,ENSI-Riadi-GDL
1320,"LORIA, Loria"
1321,"University of Glasgow, UK"
1322,"University of Durham, UK"
1323,The MITRE Corporation and Worcester Polytechnic Institute
1324,"Åbo Akademi University, Finland"
1325,"Eindhoven University of Technology, the Netherlands"
1326,"Department of Computer Science, University of Leicester, UK"
1327,"Chalmers University of Technology, Gothenburg, Sweden"
1328,University of Luxembourg
1329,"School of Electronic Engineering and Computer Science, Queen Mary University of London"
1330,INIST
1331,KLMM
1332,CHU-Grenoble ortho-traumato
1333,LSE
1334,IHPC
1335,"CITI Insa Lyon / INRIA Grenoble Rhône-Alpes, INRIA Rocquencourt, EA 3720, CITI Insa Lyon / INRIA Grenoble Rhône-Alpes, CITI Insa Lyon / INRIA Grenoble Rhône-Alpes"
1336,XLIM
1337,LURPA
1338,"INRIA Futurs, SFLTAMP"
1339,IPP BAS
1340,ONERA
1341,UNM
1342,University of Trieste
1343,University of Udine
1344,University of Pisa
1345,IDEES
1346,CEDT Indian Institute of Science Bangalore
1347,ECE Indian Institute of Science Bangalore
1348,Microsoft Research Bangalore India
1349,Karlsruhe University
1350,"Technical University of Eindhoven, Radboud University of Nijmegen"
1351,London School of Economics
1352,Aristotle University of Thessaloniki
1353,University of Caen
1354,LSST Corporation
1355,Adler Planetarium
1356,U. Washington
1357,Wyle Information Systems
1358,JHU/SDSS
1359,ATILF
1360,"College of Information System and Management, National University of Defense Technology, Changsha, China"
1361,"Fraunhofer Institute FOKUS, Kaiserin-Augusta-Allee 31, Berlin, Germany"
1362,"CREA, Inra - Sens"
1363,"CREA, Cams"
1364,COMPUTER Science Department
1365,INRIA Lorraine - Loria
1366,INRIA - Lina
1367,"State Design Office Yuzhnoye, Ukraine"
1368,CRISTAL
1369,I3S
1370,Portland State University
1371,Yahoo! Research
1372,UBC
1373,Microsoft
1374,HP Labs
1375,Google Inc.
1376,Universiteit van Amsterdam
1377,UCLA
1378,Univ of Wisconsin
1379,Wisconsin
1380,SAP
1381,UC Riverside
1382,UCR
1383,ESRI
1384,Reykjavík University
1385,"Department of Computer Science, University of Copenhagen"
1386,University of Washington
1387,U. Massachusetts-Amherst
1388,University of Massachusetts Amherst
1389,UMass Amherst
1390,UC Berkeley
1391,Universite de Rennes 1
1392,Luna
1393,AT&T Labs-Research
1394,Rutgus University
1395,ATT Labs-Research
1396,IBM Almaden Research Center
1397,"UC, San Diego"
1398,HP
1399,Hewlett-Packard Co.
1400,"Hewlett-Packard, Co."
1401,MITRE
1402,University Of Pennsylvania
1403,University of Southern California - Information Sciences Institute
1404,Fetch Technologies
1405,University of Pennsylvania
1406,University of Sydney
1407,Max Plank Institute
1408,Microsoft SQL Server
1409,University of Wisconsin-Madiso
1410,Duke University
1411,Duke
1412,Johns Hopkins University
1413,Johns Hopkins
1414,LogicBlox
1415,U. Pennsylvania
1416,"Australian National University, NICTA"
1417,"Beijing Key Laboratory of Intelligent Telecommunications Software and Multimedia, Beijing University of Posts and Telecommunications, Beijing, China"
1418,IM TU-B
1419,"LIRMM, I3M"
1420,INRIA Rhône-Alpes / LIG laboratoire d'Informatique de Grenoble
1421,"Dobrushin Mathematical Laboratory, Institute of Information Transmission Problems, Moscow, Russia"
1422,"Laboratory J.-V. Poncelet, Independent University of Moscow, Russia"
1423,IMJ
1424,DICE - MLG
1425,CESAME
1426,SPE
1427,IDSL
1428,"IDSL, INRIA Saclay - Ile de France"
1429,"Université catholique de Louvain, Belgium"
1430,Francis
1431,"CNRS, Toulouse & BINP, Novosibirsk"
1432,MPS
1433,LMP
1434,LGM2B
1435,Univ. Amsterdam
1436,CWI and Univ Amsterdam
1437,IRISA / INSA Rennes
1438,IRISA / University of Rennes I
1439,"LIP, ELM"
1440,UMR 7586
1441,INRIA - Irisa
1442,"INRIA Rocquencourt, INRIA Rocquencourt"
1443,"Engineering Management & Systems Engineering, Old Dominion University, Norfolk, VA, United States"
1444,Slovak Academy of Sciences
1445,University of Turku
1446,University of California
1447,LIACC-U.Porto
1448,SNDA
1449,Technische Universität Dresden
1450,INRIA Rennes
1451,Louisiana Tech University
1452,"Louisiana Tech University, INCDSB, UPM"
1453,"Concordia University, Montreal, Canada"
1454,University of California Santa Cruz
1455,"Institute for Integrated Signal Processing Systems, RWTH Aachen University, Germany"
1456,Research Establishment for Applied Science
1457,"Agrocampus Ouest, INRIA - IRISA"
1458,INRIA - IRISA
1459,"CITI Insa Lyon / INRIA Grenoble Rhône-Alpes, EA 3720, WNET, CITI Insa Lyon / INRIA Grenoble Rhône-Alpes"
1460,CITI Insa Lyon / INRIA Grenoble Rhône-Alpes
1461,WNET
1462,LSIS
1463,LM-Versailles
1464,"LaBRI, INRIA Bordeaux - Sud-Ouest"
1465,LIFC
1466,"CITI/Sep. Informática, FCT"
1467,"LIP6, Inria Rocquencourt"
1468,KMRC
1469,"LIESP, ICTT"
1470,INRIA Rhône-Alpes / LIG Laboratoire d'Informatique de Grenoble
1471,FT R&D
1472,LISTIC
1473,Technion - Israel Institute of Technology
1474,Halliburton
1475,IBSV
1476,LISA
1477,"School Of Computing Science, University Of Newcastle, UK"
1478,LIAMA
1479,EI
1480,Nanjing University of Posts & Telecommunications
1481,Zhejiang Wanli University
1482,MPI-MIS
1483,"LAMA, Iml"
1484,LLAIC1
1485,LJLL
1486,PMA
1487,RC
1488,"School of Aerospace Engineering, Georgia Institute of Technology"
1489,"School of Electrical & Computer Engineering, Georgia Institute of Technology"
1490,Honeywell Technology Solutions
1491,LEMNA
1492,"IF, CCDNM"
1493,HCMC
1494,"LIP6, INRIA Futurs"
1495,"ELM, Lip"
